{"name":"SUPER ROBOT WARS X","id":"CUSA10587","version":"01.00","process":"eboot.bin","mods":[{"name":"Money Gain when enemy killed during battle","type":"checkbox","memory":[{"offset":"4A2D6D","on":"0108","off":"8908"}]},{"name":"TacP Gain when enemy killed during battle","type":"checkbox","memory":[{"offset":"4A2EBE","on":"014818","off":"894818"}]},{"name":"TacP Gain on Spend","type":"checkbox","memory":[{"offset":"4A2F4B","on":"015118","off":"895118"}]},{"name":"Money Gain on Spend","type":"checkbox","memory":[{"offset":"4A2E0A","on":"0111","off":"8911"}]}],"credits":["squall3032"]}