{"name":"Dying Light: The Following – Enhanced Edition","id":"CUSA03991","version":"01.33","process":"eboot.bin","mods":[{"name":"Infinite HP","type":"checkbox","memory":[{"offset":"C55D9F","on":"4801B33412000090","off":"C5FA118334120000"}]},{"name":"Infinite Ammo","type":"checkbox","memory":[{"offset":"75F888","on":"498917","off":"458937"}]},{"name":"Infinite Bolt / Arrows","type":"checkbox","memory":[{"offset":"D72866","on":"909090","off":"448939"}]},{"name":"Infinite Item","type":"checkbox","memory":[{"offset":"75F888","on":"909090","off":"458937"}]},{"name":"ADD Item","type":"checkbox","memory":[{"offset":"75F888","on":"450137","off":"458937"}]},{"name":"ADD Cash","type":"checkbox","memory":[{"offset":"D71BFE","on":"01573C","off":"89573C"}]},{"name":"Infinite Durability/No Buggy Damage","type":"checkbox","memory":[{"offset":"75FCAB","on":"C5FA114304","off":"C5FA114B04"}]},{"name":"Infinite Stamina ","type":"checkbox","memory":[{"offset":"D9192F","on":"9090909090","off":"C5FA114310"}]},{"name":"STOP Timer : Main Game","type":"checkbox","memory":[{"offset":"D46D29","on":"9090909090909090","off":"C5FA1183F0000000"}]},{"name":"STOP Timer : Bozak DLC","type":"checkbox","memory":[{"offset":"4B4467","on":"9090909090","off":"C5FA1140D8"}]},{"name":"Infinite Fuel","type":"checkbox","memory":[{"offset":"114E671","on":"9090909090909090","off":"C5FA118340030000"}]}],"credits":["M3hdi PS_9.00"]}