{"name":"Mount & Blade: Warband","id":"CUSA03263","version":"01.03","process":"eboot.bin","mods":[{"name":"Max Attribute(nop)","type":"checkbox","memory":[{"offset":"BDE077","on":"90909090909090","off":"FF8C08E0020000"}]},{"name":"Max Skill Points(nop)","type":"checkbox","memory":[{"offset":"BDD0FF","on":"90909090909090","off":"FF8C01DC020000"}]},{"name":"Max Weapon Points(nop)","type":"checkbox","memory":[{"offset":"BDDAB0","on":"9090909090909090","off":"4429A408E4020000"}]},{"name":"Free Purchase(nop, anything you can spend denars on)","type":"checkbox","memory":[{"offset":"C69E2B","on":"90909090909090","off":"89B411F0050000"}]},{"name":"Relationship Max(activate when you abort a quest, not before accepting it)","type":"checkbox","memory":[{"offset":"DB1168","on":"4883C25A00000000","off":"488B942430010000"}]}],"credits":["Ibrahim_9.00"]}