{
  "name": "RAGE2",
  "id": "CUSA10300",
  "version": "01.09",
  "process": "eboot.bin",
  "mods": [
    {
      "name": "infi ammo",
      "type": "checkbox",
      "memory": [
        {
          "offset": "1D3F0E0",
          "on": "90909090",
          "off": "45897520"
        }
      ]
    },
    {
      "name": "inif items",
      "type": "checkbox",
      "memory": [
        {
          "offset": "1D30E17",
          "on": "90909090",
          "off": "44897920"
        }
      ]
    },
    {
      "name": "infi Throwables",
      "type": "checkbox",
      "memory": [
        {
          "offset": "1D3AEB4",
          "on": "90909090",
          "off": "44896820"
        }
      ]
    }
  ],
  "credits": [
    "ahmad"
  ]
}