{"name":"A Plague Tale: Innocence","id":"CUSA10812","version":"01.09","process":"eboot.bin","mods":[{"name":"Infinite Items / Ammo ( does not deduct any value )","type":"checkbox","memory":[{"offset":"272910","on":"90909090","off":"44296838"}]},{"name":"Infinite Items / Ammo ( added after use )","type":"checkbox","memory":[{"offset":"272910","on":"44016838","off":"44296838"}]},{"name":"Stealth Mode ( not in sequences )","type":"checkbox","memory":[{"offset":"1A2BE80","on":"C7834001000000000000C5FA108340010000E987C75DFE","off":"0000000000000000000000000000000000000000000000"},{"offset":"8616","on":"E96538A201909090","off":"C5FA108340010000"}]}],"credits":["Reddevil82 "," FW 9.00"]}