{
    "name": "Uncharted: The Nathan Drake Collection™",
    "id": "CUSA02320",
    "version": "01.02",
    "process": "eboot.bin",
    "mods": [
        {
            "name": "L3 + Upper L or Upper R Touch Pad",
            "type": "checkbox",
            "memory": [
                {
                    "offset": "923800",
                    "on": "5148B98883400008000000488B094883E102750DC683444800000059E91B2494FFC683444800000159E90E2494FF",
                    "off": "00000000000000000000000000000000000000000000000000000000000000000000000000000000000000000000"
                },
                {
                    "offset": "265C35",
                    "on": "E9C6DB6B009090",
                    "off": "80BB4448000000"
                }
            ]
        },
        {
            "name": "Enable FPS View - Hold L3",
            "type": "checkbox",
            "memory": [
                {
                    "offset": "2CFEA8",
                    "on": "0F84AC0E0000",
                    "off": "0F85AC0E0000"
                }
            ]
        },
        {
            "name": "Enable Task View - Hold L3",
            "type": "checkbox",
            "memory": [
                {
                    "offset": "92382E",
                    "on": "5148B98883400008000000488B094883E102750DC680B93900000159E9F11CB4FFC680B93900000059E9E41CB4FF",
                    "off": "00000000000000000000000000000000000000000000000000000000000000000000000000000000000000000000"
                },
                {
                    "offset": "465539",
                    "on": "E9F0E24B009090",
                    "off": "80B8B939000000"
                }
            ]
        },
        {
            "name": "No Reload",
            "type": "checkbox",
            "memory": [
                {
                    "offset": "346469",
                    "on": "9090909090909090",
                    "off": "41FF8C0640040000"
                }
            ]
        }
    ],
    "credits": [
        "hejran7"
    ]
}