{
  "name": "Dead Island - Definitive Edition",
  "id": "CUSA03291",
  "version": "01.03",
  "process": "eboot.bin",
  "mods": [
    {
      "name": "Infinite Health",
      "type": "checkbox",
      "memory": [
        {
          "offset": "760519",
          "on": "9090909090",
          "off": "C5FA1045B8"
        }
      ]
    },
    {
      "name": "Infinite Stamina",
      "type": "checkbox",
      "memory": [
        {
          "offset": "751BF8",
          "on": "90909090",
          "off": "C5FA5CC1"
        }
      ]
    },
    {
      "name": "Infinite  Flash Light",
      "type": "checkbox",
      "memory": [
        {
          "offset": "8272EB",
          "on": "9090909090",
          "off": "C5FA114360"
        }
      ]
    },
    {
      "name": "Max Cash",
      "type": "checkbox",
      "memory": [
        {
          "offset": "73B8AD",
          "on": "0183B80B000090",
          "off": "4401BBB80B0000"
        }
      ]
    },
    {
      "name": "Max Xp",
      "type": "checkbox",
      "memory": [
        {
          "offset": "7C5E27",
          "on": "90909090909090",
          "off": "488B8780000000"
        }
      ]
    },
    {
      "name": "Max Items",
      "type": "checkbox",
      "memory": [
        {
          "offset": "76C27A",
          "on": "90909090",
          "off": "418B4650"
        }
      ]
    }
  ],
  "credits": [
    "Ahmad CH"
  ]
}