{"name":"Chasm","id":"CUSA01273","version":"01.08","process":"eboot.bin","mods":[{"name":"Infinite Health","type":"checkbox","memory":[{"offset":"1E9FE2","on":"9090","off":"2BC1"},{"offset":"1EA9E4","on":"9090","off":"2BC1"}]},{"name":"Max (Iron/Apple) 99","type":"checkbox","memory":[{"offset":"2F0B640","on":"49637750B963000000E93CF52EFD","off":"0000000000000000000000000000"},{"offset":"1FAB84","on":"E9B70AD10290","off":"4963775003CE"}]},{"name":"Max Gold (9999) Turn Off To Collect More","type":"checkbox","memory":[{"offset":"2F0B6A0","on":"4863482CB90F270000E94FE02EFD","off":"0000000000000000000000000000"},{"offset":"1F96F5","on":"E9A61FD102909090","off":"4863482C034C2408"}]},{"name":"XP Multiplier (x15)","type":"checkbox","memory":[{"offset":"2F0B600","on":"6BC90F8948144D85ED0F849AC92EFDE9CEBF2EFD","off":"0000000000000000000000000000000000000000"},{"offset":"1F75D6","on":"E92540D10290","off":"8948144D85ED"}]}],"credits":["Saso"]}