{"name":"Uncharted: The Nathan Drake Collection™ (Drakes Deception)","id":"CUSA02320","version":"001.02","process":"big3-ps4_Shipping.elf","mods":[{"name":"Enable Dev Menu","type":"checkbox","memory":[{"offset":"7FC4FDB0","on":"41C68424014C000000EB04551A000041C68424FC4B000001EB0584451A0000E9D6CD9180","off":"000000000000000000000000000000000000000000000000000000000000000000000000"},{"offset":"56CB8B","on":"E920326E7F90909090","off":"4180BC24014C000000"}]},{"name":"No FPS On Screen","type":"checkbox","memory":[{"offset":"56CBB8","on":"C5F258C0","off":"C5F25CC0"}]}],"credits":["Celogamez_9.00"]}