{"name":"Mafia III: Definitive Edition","id":"CUSA03617","version":"01.12","process":"eboot.bin","mods":[{"name":"Infinite Ammo","type":"checkbox","memory":[{"offset":"233D2FD","on":"83EE00","off":"897104"}]},{"name":"Infinite Throwables","type":"checkbox","memory":[{"offset":"233D338","on":"90909090909090","off":"C7410400000000"}]},{"name":"Infinite Money","type":"checkbox","memory":[{"offset":"16C2888","on":"9090","off":"8908"}]},{"name":"Infinite Adrenaline Syringes","type":"checkbox","memory":[{"offset":"233DFC3","on":"909090","off":"894714"}]},{"name":"Get 9.999 Ammo per Reload","type":"checkbox","memory":[{"offset":"48E3FA0","on":"0F865593A5FD66C741040F27E94F93A5FD","off":"0000000000000000000000000000000000"},{"offset":"233D2FB","on":"E9A06C5A02","off":"7604897104"}]},{"name":"Get 9.999 Throwables (with each throw)","type":"checkbox","memory":[{"offset":"48E3C40","on":"66C741040F27E9F496A5FD","off":"0000000000000000000000"},{"offset":"233D338","on":"E903695A029090","off":"C7410400000000"}]},{"name":"Get $9.999.999 (with every earnings)","type":"checkbox","memory":[{"offset":"48E3DB0","on":"0F43F141C7007F969800E963EADDFC","off":"000000000000000000000000000000"},{"offset":"16C281C","on":"E98F15220390","off":"0F43F1418930"}]},{"name":"Get 9.999 Adrenaline Syringes (with each use)","type":"checkbox","memory":[{"offset":"48E3DE0","on":"FFC866C747140F27E9D9A1A5FD","off":"00000000000000000000000000"},{"offset":"233DFC1","on":"E91A5E5A02","off":"FFC8894714"}]}],"credits":["AngelDavil88_9.00"]}