{
    "name": "BioShock: The Collection",
    "id": "CUSA03979",
    "version": "01.00",
    "process": "LaunchOrbis.elf",
    "mods": [
        {
            "name": "Godmode",
            "type": "checkbox",
            "memory": [
                {
                    "offset": "424D61",
                    "on": "E92A581401909090",
                    "off": "C5FA118B30070000"
                },
                {
                    "offset": "156A590",
                    "on": "813BF876CE010F8505000000E9C8A7EBFEC5FA118B30070000E9BBA7EBFE",
                    "off": "000000000000000000000000000000000000000000000000000000000000"
                }
            ]
        },
        {
            "name": "Infinite Eve",
            "type": "checkbox",
            "memory": [
                {
                    "offset": "43E4B3",
                    "on": "9090909090909090",
                    "off": "C5FA118B900F0000"
                }
            ]
        },
        {
            "name": "Infinite Ammo",
            "type": "checkbox",
            "memory": [
                {
                    "offset": "49E7B0",
                    "on": "909090909090",
                    "off": "89B080000000"
                }
            ]
        },
        {
            "name": "No Reload",
            "type": "checkbox",
            "memory": [
                {
                    "offset": "7543A6",
                    "on": "909090",
                    "off": "418907"
                }
            ]
        },
        {
            "name": "2x Money After Spend",
            "type": "checkbox",
            "memory": [
                {
                    "offset": "43E97A",
                    "on": "01",
                    "off": "89"
                }
            ]
        },
        {
            "name": "2x Adam After Spend",
            "type": "checkbox",
            "memory": [
                {
                    "offset": "43ED32",
                    "on": "4101",
                    "off": "4189"
                }
            ]
        }
    ],
    "credits": [
        "Talixme"
    ]
}