{"name":"Uncharted: The Nathan Drake Collection™ (Among Thieves)","id":"CUSA02320","version":"01.02","process":"big2-ps4_Shipping.elf","mods":[{"name":"Enable Dev Menu","type":"checkbox","memory":[{"offset":"7FC4FDE0","on":"41C684242148000000EB04741A000041C684248C48000001EB0584641A0000E966917A80","off":"000000000000000000000000000000000000000000000000000000000000000000000000"},{"offset":"3F8F4B","on":"E9906E857F90909090","off":"4180BC242148000000"}]},{"name":"No FPS On Screen","type":"checkbox","memory":[{"offset":"3F8F78","on":"C5F258C0","off":"C5F25CC0"}]}],"credits":["Celogamez_9.00"]}