{
  "name": "The Last of Us™ Part II",
  "id": "CUSA10249",
  "version": "01.07",
  "process": "eboot.bin",
  "mods": [
    {
      "name": "Enable Dev Menu",
      "type": "checkbox",
      "memory": [
        {
          "offset": "252B90",
          "on": "C680A13A000001",
          "off": "80B8A13A000000"
        }
      ]
    },
    {
      "name": "Infinite Silencer Ammo",
      "type": "checkbox",
      "memory": [
        {
          "offset": "15DF257",
          "on": "90909090909090",
          "off": "41FF8E14080000"
        }
      ]
    },
    {
      "name": "Infinite Items",
      "type": "checkbox",
      "memory": [
        {
          "offset": "D473DC",
          "on": "909090",
          "off": "8943E0"
        }
      ]
    }
  ],
  "credits": [
    "illusion + Ahmad"
  ]
}