{"name":"Horizon Zero Dawn","id":"CUSA10211","version":"01.52","process":"eboot.bin","mods":[{"name":"Infinite Health","type":"checkbox","memory":[{"offset":"A38B42","on":"E919700D01","off":"C5FA114364"},{"offset":"1B0FB60","on":"83BBF0010000030F84DA8FF2FEC5FA114364E9D08FF2FE","off":"0000000000000000000000000000000000000000000000"}]},{"name":"One Hit Kill","type":"checkbox","memory":[{"offset":"A38B42","on":"E9C9AC4E01","off":"C5FA114364"},{"offset":"1F23810","on":"83BBF001000003740CC7436400000000E92253B1FEC5FA114364E91853B1FE","off":"00000000000000000000000000000000000000000000000000000000000000"}]},{"name":"Infinite Health + One Hit Kill","type":"checkbox","memory":[{"offset":"A38B42","on":"E919700D01","off":"C5FA114364"},{"offset":"1B27A70","on":"83BBF0010000030F84CA10F1FEC7436400000000E9BE10F1FE","off":"00000000000000000000000000000000000000000000000000"}]},{"name":"Infinite Arrows","type":"checkbox","memory":[{"offset":"F2F020","on":"909090","off":"4429F0"}]},{"name":"Infinite Resource/Shards","type":"checkbox","memory":[{"offset":"F2F020","on":"909090","off":"4429F0"}]},{"name":"x2 Skill Points","type":"checkbox","memory":[{"offset":"15D7324","on":"4101442464","off":"4129442464"}]},{"name":"No Skill Point Cost","type":"checkbox","memory":[{"offset":"15D7324","on":"9090909090","off":"4129442464"}]}],"credits":["TylerMods/Cain532/Sean"]}