{"name":"Resident Evil Revelations 2","id":"CUSA01133","version":"01.00","process":"eboot.bin","mods":[{"name":"Infinite Health","type":"checkbox","memory":[{"offset":"3FD4FB","on":"909090909090","off":"8983381f0000"}]},{"name":"Infinite Ammo","type":"checkbox","memory":[{"offset":"3F46A1","on":"4589EF90","off":"450F4EFD"}]},{"name":"Infinite Money","type":"checkbox","memory":[{"offset":"834CA2","on":"E9F9E08E009090","off":"4c89a3c8c40000"},{"offset":"1122DA0","on":"C783C8C40000C029CD02E9FA1E71FF","off":"000000000000000000000000000000"}]},{"name":"Infinite Crystals","type":"checkbox","memory":[{"offset":"79C548","on":"90909090909090","off":"4401ab6c5f0100"}]},{"name":"Infinite SP","type":"checkbox","memory":[{"offset":"8309F2","on":"E9CB238F009090","off":"4489b8ec000000"},{"offset":"1122DC2","on":"C780EC000000D6010000E928DC70FF","off":"000000000000000000000000000000"}]}],"credits":["TylerMods"]}