{
  "name": "Toukiden 2",
  "id": "CUSA05797",
  "version": "01.03",
  "process": "eboot.bin",
  "mods": [
    {
      "name": "Max Money On Spend",
      "type": "checkbox",
      "memory": [
        {
          "offset": "D7F800",
          "on": "BA7F969800899094C50400E9E2DC9BFF",
          "off": "00000000000000000000000000000000"
        },
        {
          "offset": "73D4EC",
          "on": "E90F23640090",
          "off": "899094C50400"
        }
      ]
    },
    {
      "name": "Infinite Money",
      "type": "checkbox",
      "memory": [
        {
          "offset": "73D4EC",
          "on": "909090909090",
          "off": "899094C50400"
        }
      ]
    },
    {
      "name": "Max Item on Use",
      "type": "checkbox",
      "memory": [
        {
          "offset": "D7F800",
          "on": "66B8E7036689448F02E960FD6EFF",
          "off": "0000000000000000000000000000"
        },
        {
          "offset": "46F569",
          "on": "E992029100",
          "off": "6689448F02"
        }
      ]
    },
    {
      "name": "Infinite Items",
      "type": "checkbox",
      "memory": [
        {
          "offset": "46F569",
          "on": "9090909090",
          "off": "6689448F02"
        }
      ]
    }
  ],
  "credits": [
    "GamerX2 & DanteClaus"
  ]
}