{"name":"Borderlands 3","id":"CUSA08025","version":"01.00","process":"eboot.bin","mods":[{"name":"Godmode","type":"checkbox","memory":[{"offset":"8feb000","on":"837F1C007405E9BD2A9EFBC5FA118BA0000000E9B02A9EFB","off":"000000000000000000000000000000000000000000000000"},{"offset":"49cdac0","on":"E93BD56104909090","off":"C5FA118BA0000000"}]},{"name":"Infinite Ammo","type":"checkbox","memory":[{"offset":"49cef6a","on":"9090909090909090","off":"C5FA118BA0000000"},{"offset":"4ff6b6d","on":"90909090909090","off":"418987B0010000"}]},{"name":"Infinite Money","type":"checkbox","memory":[{"offset":"4ee8b4b","on":"4A89443818","off":"42894C3818"}]},{"name":"5000x XP","type":"checkbox","memory":[{"offset":"8feb018","on":"69D2881300008993C4010000E9695402F8","off":"0000000000000000000000000000000000"},{"offset":"101048c","on":"E987ABFD0790","off":"8993C4010000"}]},{"name":"Infinite Skillpoints","type":"checkbox","memory":[{"offset":"8feb029","on":"41C7866001000010270000E9F0BC9AF7","off":"00000000000000000000000000000000"},{"offset":"996d22","on":"E9024365089090","off":"41898E60010000"}]}],"credits":["DeathRGH"]}