{"name":"The Last of Us™ Remastered","id":"CUSA00556","version":"01.11","process":"eboot.bin","mods":[{"name":"Parts, Skills, Items On Use (x999)","type":"checkbox","memory":[{"offset":"7FC5B5A0","on":"42C78447F4000000E7030000E934DF4280","off":"0000000000000000000000000000000000"},{"offset":"894DC","on":"E9BF20BD7F90909090","off":"6642898447F4000000"}]},{"name":"Tools Level 5 On Gain","type":"checkbox","memory":[{"offset":"68462","on":"C784BB4864010005000000C39090","off":"90"},{"offset":"68742","on":"E81BFDFFFF9090","off":"FF84BB48640100"}]},{"name":"Flashlight Does Not Turn Off","type":"checkbox","memory":[{"offset":"7FC5BDB0","on":"C4817A118DD4070000E9E3BDA380","off":"0000000000000000000000000000"},{"offset":"697B98","on":"E913425C7F90909090","off":"C4C17A1195D4070000"}]},{"name":"Enable Dev Menu","type":"checkbox","memory":[{"offset":"7FC5AE00","on":"C681812E000001E903933A80","off":"000000000000000000000000"},{"offset":"4108","on":"E9F36CC57F9090","off":"80B9812E000000"}]}],"credits":["Celogamez_9.00"]}