{
    "name": "Resident Evil™",
    "id": "CUSA01067",
    "version": "01.00",
    "process": "eboot.bin",
    "mods": [
        {
            "name": "Infinite Health",
            "type": "checkbox",
            "memory": [
                {
                    "offset": "18A9F3",
                    "on": "90909090909090",
                    "off": "4189864C170000"
                }
            ]
        },
        {
            "name": "1 Hit Kills",
            "type": "checkbox",
            "memory": [
                {
                    "offset": "18A97A",
                    "on": "31C9",
                    "off": "29D9"
                }
            ]
        },
        {
            "name": "Infinite Ammo",
            "type": "checkbox",
            "memory": [
                {
                    "offset": "349FA6",
                    "on": "909090909090",
                    "off": "898B24130000"
                }
            ]
        },
        {
            "name": "Infinite Tapes",
            "type": "checkbox",
            "memory": [
                {
                    "offset": "CF0B0",
                    "on": "90909090",
                    "off": "45897504"
                }
            ]
        },
        {
            "name": "Max Infinite Health",
            "type": "checkbox",
            "memory": [
                {
                    "offset": "7FC48710",
                    "on": "41C7864C170000B0040000E9DA225480",
                    "off": "00000000000000000000000000000000"
                },
                {
                    "offset": "18A9F3",
                    "on": "E918DDAB7F9090",
                    "off": "4189864C170000"
                }
            ]
        },
        {
            "name": "Infinite Ink Ribbons",
            "type": "checkbox",
            "memory": [
                {
                    "offset": "7FC4A450",
                    "on": "4C8D6CC32C458B7504E9564C4880",
                    "off": "0000000000000000000000000000"
                },
                {
                    "offset": "CF0AB",
                    "on": "E9A0B3B77F90909090",
                    "off": "4C8D6CC32C45897504"
                }
            ]
        },
        {
            "name": "Max Infinite Dagger (Need 2 To Work/99)",
            "type": "checkbox",
            "memory": [
                {
                    "offset": "7FC48E00",
                    "on": "42C684AB7C50000063E97C2E6F80",
                    "off": "0000000000000000000000000000"
                },
                {
                    "offset": "33BC82",
                    "on": "E979D1907F909090",
                    "off": "4689BCAB7C500000"
                }
            ]
        },
        {
            "name": "Save Aways 0",
            "type": "checkbox",
            "memory": [
                {
                    "offset": "7FC48720",
                    "on": "8B875C470E0041C6400C00E94B223F80",
                    "off": "00000000000000000000000000000000"
                },
                {
                    "offset": "3A971",
                    "on": "E9AADDC07F9090909090",
                    "off": "8B875C470E004189400C"
                }
            ]
        },
        {
            "name": "All Weapons/Items In The Chest (Tranfer The Knife)",
            "type": "checkbox",
            "memory": [
                {
                    "offset": "AA6038",
                    "on": "41BD010000005640B60040890CF040C644F0046340FEC666FFC14080FE8475EA5EE9FC806AFF",
                    "off": "0000000000000000000000000000000000000000000000000000000000000000000000000000"
                },
                {
                    "offset": "14E154",
                    "on": "E9DF7E950090",
                    "off": "890844896804"
                }
            ]
        },
        {
            "name": "Max Infinite Ammo/Clip/Items (Do Not Use With Any Weapon Cheat Below)",
            "type": "checkbox",
            "memory": [
                {
                    "offset": "7FC481C0",
                    "on": "C6832413000063E9E01D7080",
                    "off": "000000000000000000000000"
                },
                {
                    "offset": "349FA6",
                    "on": "E915E28F7F90",
                    "off": "898B24130000"
                },
                {
                    "offset": "7FC48100",
                    "on": "448930C6400463E9396D4880",
                    "off": "000000000000000000000000"
                },
                {
                    "offset": "CEE3E",
                    "on": "E9BD92B77F9090",
                    "off": "44893044896004"
                }
            ]
        },
        {
            "name": "Handgun (Activate/Enter/Deactivate)",
            "type": "checkbox",
            "memory": [
                {
                    "offset": "7FC48D60",
                    "on": "488D44C32CC60003E9D4604880",
                    "off": "00000000000000000000000000"
                },
                {
                    "offset": "CEE39",
                    "on": "E9229FB77F909090",
                    "off": "488D44C32C448930"
                }
            ]
        },
        {
            "name": "Samurai Edge (Activate/Enter/Deactivate)",
            "type": "checkbox",
            "memory": [
                {
                    "offset": "7FC493B0",
                    "on": "488D44C32CC60005E9845A4880",
                    "off": "00000000000000000000000000"
                },
                {
                    "offset": "CEE39",
                    "on": "E972A5B77F909090",
                    "off": "488D44C32C448930"
                }
            ]
        },
        {
            "name": "Shotgun (Activate/Enter/Deactivate)",
            "type": "checkbox",
            "memory": [
                {
                    "offset": "7FC493B0",
                    "on": "488D44C32CC60006E9845A4880",
                    "off": "00000000000000000000000000"
                },
                {
                    "offset": "CEE39",
                    "on": "E972A5B77F909090",
                    "off": "488D44C32C448930"
                }
            ]
        },
        {
            "name": "Granade Launcher (Activate/Enter/Deactivate)",
            "type": "checkbox",
            "memory": [
                {
                    "offset": "7FC493B0",
                    "on": "488D44C32CC60007E9845A4880",
                    "off": "00000000000000000000000000"
                },
                {
                    "offset": "CEE39",
                    "on": "E972A5B77F909090",
                    "off": "488D44C32C448930"
                }
            ]
        },
        {
            "name": "Magnum Revolver (Activate/Enter/Deactivate)",
            "type": "checkbox",
            "memory": [
                {
                    "offset": "7FC493B0",
                    "on": "488D44C32CC6000BE9845A4880",
                    "off": "00000000000000000000000000"
                },
                {
                    "offset": "CEE39",
                    "on": "E972A5B77F909090",
                    "off": "488D44C32C448930"
                }
            ]
        },
        {
            "name": "Flamethrower (Activate/Enter/Deactivate)",
            "type": "checkbox",
            "memory": [
                {
                    "offset": "7FC493B0",
                    "on": "488D44C32CC6000CE9845A4880",
                    "off": "00000000000000000000000000"
                },
                {
                    "offset": "CEE39",
                    "on": "E972A5B77F909090",
                    "off": "488D44C32C448930"
                }
            ]
        },
        {
            "name": "Assalt Shotgun (Activate/Enter/Deactivate)",
            "type": "checkbox",
            "memory": [
                {
                    "offset": "7FC493B0",
                    "on": "488D44C32CC6000DE9845A4880",
                    "off": "00000000000000000000000000"
                },
                {
                    "offset": "CEE39",
                    "on": "E972A5B77F909090",
                    "off": "488D44C32C448930"
                }
            ]
        },
        {
            "name": "Infinite Rocket Launcher (Activate/Enter/Deactivate)",
            "type": "checkbox",
            "memory": [
                {
                    "offset": "7FC493B0",
                    "on": "488D44C32CC6000EE9845A4880",
                    "off": "00000000000000000000000000"
                },
                {
                    "offset": "CEE39",
                    "on": "E972A5B77F909090",
                    "off": "488D44C32C448930"
                }
            ]
        },
        {
            "name": "Rocket Launcher (Activate/Enter/Deactivate)",
            "type": "checkbox",
            "memory": [
                {
                    "offset": "7FC493B0",
                    "on": "488D44C32CC6000AE9845A4880",
                    "off": "00000000000000000000000000"
                },
                {
                    "offset": "CEE39",
                    "on": "E972A5B77F909090",
                    "off": "488D44C32C448930"
                }
            ]
        },
        {
            "name": "Barry's 44 Magnum (Activate/Enter/Deactivate)",
            "type": "checkbox",
            "memory": [
                {
                    "offset": "7FC493B0",
                    "on": "488D44C32CC6000FE9845A4880",
                    "off": "00000000000000000000000000"
                },
                {
                    "offset": "CEE39",
                    "on": "E972A5B77F909090",
                    "off": "488D44C32C448930"
                }
            ]
        }
    ],
    "credits": [
        "Karo_Celogamez_d01v"
    ]
}