{"name":"GRAVITY RUSH™ 2","id":"CUSA04943","version":"01.11","process":"eboot.bin","mods":[{"name":"Infinite Gravity Power","type":"checkbox","memory":[{"offset":"7FC5B820","on":"41C785605400000000C842E907648A80","off":"00000000000000000000000000000000"},{"offset":"501C2E","on":"E9ED9B757F90909090","off":"C4C17A118560540000"}]},{"name":"Max Gems [on gain]","type":"checkbox","memory":[{"offset":"7FC5BE30","on":"C74124F0237449E9C2619080","off":"000000000000000000000000"},{"offset":"561FF9","on":"E9329E6F7F","off":"C5FA114124"}]},{"name":"Infinite Health","type":"checkbox","memory":[{"offset":"11385A1","on":"C5FA118B20490000","off":"C5FA118320490000"}]}],"credits":["Wander"]}