{
    "name": "Need for Speed™ Payback",
    "id": "CUSA05986",
    "version": "01.08",
    "process": "eboot.bin",
    "mods": [
        {
            "name": "Infinite Cash",
            "type": "checkbox",
            "memory": [
                {
                    "offset": "3EAB800",
                    "on": "4885C9BBFFC99A3B41891FE9B25BA5FE",
                    "off": "00000000000000000000000000000000"
                },
                {
                    "offset": "29013BC",
                    "on": "E93FA45A0190",
                    "off": "4885C941891F"
                }
            ]
        },
        {
            "name": "Infinite Tokens",
            "type": "checkbox",
            "memory": [
                {
                    "offset": "3EAB810",
                    "on": "B9FFC99A3B41894C2418E9213CABFE",
                    "off": "000000000000000000000000000000"
                },
                {
                    "offset": "295F43B",
                    "on": "E9D0C35401",
                    "off": "41894C2418"
                }
            ]
        },
        {
            "name": "Infinite Nitrous",
            "type": "checkbox",
            "memory": [
                {
                    "offset": "3EAB81F",
                    "on": "41C78514020000595ABA40E905A055FE",
                    "off": "00000000000000000000000000000000"
                },
                {
                    "offset": "240582B",
                    "on": "E9EF5FAA0190909090",
                    "off": "C4C17A118514020000"
                }
            ]
        }
    ],
    "credits": [
        "Weysincha & hejran7"
    ]
}