{
    "name": "COD: Ghosts (EX)",
    "id": "CUSA00025",
    "version": "01.21",
    "process": "default_mp.elf",
    "mods": [
        {
            "name": "All Client Infinite Ammo",
            "type": "checkbox",
            "memory": [
                {
                    "offset": "126396",
                    "on": "9090909090",
                    "off": "44297C8108"
                }
            ]
        },
        {
            "name": "All Client Godmode",
            "type": "checkbox",
            "memory": [
                {
                    "offset": "2d6705",
                    "on": "9090909090909090",
                    "off": "41299C24DC010000"
                }
            ]
        },
        {
            "name": "All Client ESP",
            "type": "checkbox",
            "memory": [
                {
                    "offset": "1c0c590",
                    "on": "10",
                    "off": "00"
                },
                {
                    "offset": "1c10010",
                    "on": "10",
                    "off": "00"
                },
                {
                    "offset": "1c13a90",
                    "on": "10",
                    "off": "00"
                },
                {
                    "offset": "1c17510",
                    "on": "10",
                    "off": "00"
                }
            ]
        },
        {
            "name": "Super Jump",
            "type": "checkbox",
            "memory": [
                {
                    "offset": "829088",
                    "on": "00C07944",
                    "off": "00001C42"
                }
            ]
        },
        {
            "name": "AFK Aliens",
            "type": "checkbox",
            "memory": [
                {
                    "offset": "2b6ac0",
                    "on": "48C7C001000000C390",
                    "off": "488D053991720131C9"
                }
            ]
        },
        {
            "name": "Free Teeth Upgrades",
            "type": "button",
            "memory": [
                {
                    "offset": "15",
                    "on": "30",
                    "off": "30"
                },
                {
                    "offset": "2f766f83c",
                    "on": "1500400000000000",
                    "off": "1500400000000000"
                },
                {
                    "offset": "2f766f8ac",
                    "on": "1500400000000000",
                    "off": "1500400000000000"
                },
                {
                    "offset": "2f766f91c",
                    "on": "1500400000000000",
                    "off": "1500400000000000"
                },
                {
                    "offset": "2f766f98c",
                    "on": "1500400000000000",
                    "off": "1500400000000000"
                },
                {
                    "offset": "2f766f9fc",
                    "on": "1500400000000000",
                    "off": "1500400000000000"
                },
                {
                    "offset": "2f766fa6c",
                    "on": "1500400000000000",
                    "off": "1500400000000000"
                },
                {
                    "offset": "2f766fadc",
                    "on": "1500400000000000",
                    "off": "1500400000000000"
                },
                {
                    "offset": "2f766fb4c",
                    "on": "1500400000000000",
                    "off": "1500400000000000"
                },
                {
                    "offset": "2f766fbbc",
                    "on": "1500400000000000",
                    "off": "1500400000000000"
                },
                {
                    "offset": "2f766fc2c",
                    "on": "1500400000000000",
                    "off": "1500400000000000"
                },
                {
                    "offset": "2f766fc9c",
                    "on": "1500400000000000",
                    "off": "1500400000000000"
                },
                {
                    "offset": "2f766fd0c",
                    "on": "1500400000000000",
                    "off": "1500400000000000"
                },
                {
                    "offset": "2f766fd7c",
                    "on": "1500400000000000",
                    "off": "1500400000000000"
                },
                {
                    "offset": "2f766fdec",
                    "on": "1500400000000000",
                    "off": "1500400000000000"
                },
                {
                    "offset": "2f766fe5c",
                    "on": "1500400000000000",
                    "off": "1500400000000000"
                },
                {
                    "offset": "2f766fecc",
                    "on": "1500400000000000",
                    "off": "1500400000000000"
                },
                {
                    "offset": "2f766ff3c",
                    "on": "1500400000000000",
                    "off": "1500400000000000"
                },
                {
                    "offset": "2f766ffac",
                    "on": "1500400000000000",
                    "off": "1500400000000000"
                },
                {
                    "offset": "2f767001c",
                    "on": "1500400000000000",
                    "off": "1500400000000000"
                },
                {
                    "offset": "2f767008c",
                    "on": "1500400000000000",
                    "off": "1500400000000000"
                },
                {
                    "offset": "2f76700fc",
                    "on": "1500400000000000",
                    "off": "1500400000000000"
                },
                {
                    "offset": "2f767016c",
                    "on": "1500400000000000",
                    "off": "1500400000000000"
                },
                {
                    "offset": "2f76701dc",
                    "on": "1500400000000000",
                    "off": "1500400000000000"
                },
                {
                    "offset": "2f767024c",
                    "on": "1500400000000000",
                    "off": "1500400000000000"
                },
                {
                    "offset": "2f76702bc",
                    "on": "1500400000000000",
                    "off": "1500400000000000"
                },
                {
                    "offset": "2f767032c",
                    "on": "1500400000000000",
                    "off": "1500400000000000"
                },
                {
                    "offset": "2f767039c",
                    "on": "1500400000000000",
                    "off": "1500400000000000"
                },
                {
                    "offset": "2f767040c",
                    "on": "1500400000000000",
                    "off": "1500400000000000"
                },
                {
                    "offset": "2f767047c",
                    "on": "1500400000000000",
                    "off": "1500400000000000"
                },
                {
                    "offset": "2f76704ec",
                    "on": "1500400000000000",
                    "off": "1500400000000000"
                },
                {
                    "offset": "2f767055c",
                    "on": "1500400000000000",
                    "off": "1500400000000000"
                },
                {
                    "offset": "2f76705cc",
                    "on": "1500400000000000",
                    "off": "1500400000000000"
                }
            ]
        }
    ],
    "credits": [
        "DeathRGH"
    ]
}