{
    "name": "God of War",
    "id": "CUSA07408",
    "version": "01.33",
    "process": "eboot.bin",
    "mods": [
        {
            "name": "Infinite Health",
            "type": "checkbox",
            "memory": [
                {
                    "offset": "FFF800",
                    "on": "664181FE28A7740BC4C17A115E20E9F29E4FFFC4C17A116620E9E79E4FFF",
                    "off": "000000000000000000000000000000000000000000000000000000000000"
                },
                {
                    "offset": "4F96FF",
                    "on": "E9FC60B00090",
                    "off": "C4C17A115E20"
                }
            ]
        },
        {
            "name": "One Hit Kill",
            "type": "checkbox",
            "memory": [
                {
                    "offset": "FFF81E",
                    "on": "4180FC00751341C746200000803FC4C17A104620E9A96989FFC4C17A104620E99E6989FF",
                    "off": "000000000000000000000000000000000000000000000000000000000000000000000000"
                },
                {
                    "offset": "8961DA",
                    "on": "E93F96760090",
                    "off": "C4C17A104620"
                }
            ]
        },
        {
            "name": "Max and Infinite XP,HS,Crafting Materials When Get",
            "type": "checkbox",
            "memory": [
                {
                    "offset": "FFF842",
                    "on": "4181FCFFFFFF7F740A4439F98908E953D892FFC7003F420F00E948D892FF",
                    "off": "000000000000000000000000000000000000000000000000000000000000"
                },
                {
                    "offset": "92D0A3",
                    "on": "E99A276D00",
                    "off": "4439F98908"
                }
            ]
        },
        {
            "name": "Instant Rage Meter Fill When Get Hit (Turn Off God Mode Before Use)",
            "type": "checkbox",
            "memory": [
                {
                    "offset": "FFF860",
                    "on": "664181FE88A7740BC4C17A115E20E9929E4FFFC4C17A116620E9879E4FFF",
                    "off": "000000000000000000000000000000000000000000000000000000000000"
                },
                {
                    "offset": "4F96FF",
                    "on": "E95C61B00090",
                    "off": "C4C17A115E20"
                }
            ]
        },
        {
            "name": "No Cooldown",
            "type": "checkbox",
            "memory": [
                {
                    "offset": "FFF87E",
                    "on": "41C7474800000000C4C17A104748E9080576FF",
                    "off": "00000000000000000000000000000000000000"
                },
                {
                    "offset": "75FD93",
                    "on": "E9E6FA890090",
                    "off": "C4C17A104748"
                }
            ]
        },
        {
            "name": "Infinite Crafting Materials at Shops (Turn off after use)",
            "type": "checkbox",
            "memory": [
                {
                    "offset": "FFF891",
                    "on": "4181FCFFFFFF7F740D4489E14439F98908E901D892FFB93F420F00EBEF",
                    "off": "0000000000000000000000000000000000000000000000000000000000"
                },
                {
                    "offset": "92D0A3",
                    "on": "E9E9276D00",
                    "off": "4439F98908"
                }
            ]
        },
        {
            "name": "Infinite Arrows (Turn off when out of combat)",
            "type": "checkbox",
            "memory": [
                {
                    "offset": "FFF8AE",
                    "on": "C5EA5FC3664181FB01A77409C5FA5DDCE93C9E4FFF4183FC0075F1F30F10DCE92D9E4FFF",
                    "off": "000000000000000000000000000000000000000000000000000000000000000000000000"
                },
                {
                    "offset": "4F96F7",
                    "on": "E9B261B000909090",
                    "off": "C5EA5FC3C5FA5DDC"
                }
            ]
        }
    ],
    "credits": [
        "ThankachanSmith"
    ]
}