{
  "name": "Burnout Paradise Remastered",
  "id": "CUSA10851",
  "version": "01.02",
  "process": "eboot.bin",
  "mods": [
    {
      "name": "Inf Boost + Endless Burnout Chain",
      "type": "checkbox",
      "memory": [
        {
          "offset": "25CB52",
          "on": "C5FA10839C000000",
          "off": "C5FA5D839C000000"
        },
        {
          "offset": "25A6B4",
          "on": "C5FA10879C000000",
          "off": "C5FA5D879C000000"
        },
        {
          "offset": "25A661",
          "on": "EB4D",
          "off": "EB35"
        },
        {
          "offset": "25BDBC",
          "on": "C5FA10839C000000",
          "off": "C5FA5D839C000000"
        }
      ]
    }
  ],
  "credits": [
    "illusion"
  ]
}