{
    "name": "Call of Duty®: Black Ops III",
    "id": "CUSA02290",
    "version": "01.26",
    "process": "eboot.bin",
    "mods": [
        {
            "name": "Inf Health",
            "type": "checkbox",
            "memory": [
                {
                    "offset": "144F800",
                    "on": "438B8435CC02000043898435C8020000E962D854FF",
                    "off": "000000000000000000000000000000000000000000"
                },
                {
                    "offset": "99D06F",
                    "on": "E98C27AB00909090",
                    "off": "43898435C8020000"
                }
            ]
        },
        {
            "name": "Max Money",
            "type": "checkbox",
            "memory": [
                {
                    "offset": "144F815",
                    "on": "C783A46E01003F420F00E9249952FF",
                    "off": "000000000000000000000000000000"
                },
                {
                    "offset": "979142",
                    "on": "E9CE66AD0090",
                    "off": "8983A46E0100"
                }
            ]
        },
        {
            "name": "Inf Ammo No Reload",
            "type": "checkbox",
            "memory": [
                {
                    "offset": "144F824",
                    "on": "4589EE4531ED41BD63000000448928E9A521D2FF",
                    "off": "0000000000000000000000000000000000000000"
                },
                {
                    "offset": "11719D7",
                    "on": "E948DE2D0090",
                    "off": "4589EE448928"
                }
            ]
        }
    ],
    "credits": [
        "Saso"
    ]
}