{"name":"Call of Duty®: Black Ops III","id":"CUSA02624","version":"01.33","process":"eboot.bin","mods":[{"name":"Infinite Health","type":"checkbox","memory":[{"offset":"9A2F1F","on":"9090909090909090","off":"43898435C8020000"}]},{"name":"Infinite Ammo (no reload)","type":"checkbox","memory":[{"offset":"1193E2A","on":"909090","off":"448928"}]},{"name":"Infinite Stack Ammo","type":"checkbox","memory":[{"offset":"1193AAC","on":"9090","off":"8908"}]},{"name":"Grenade x99 + Ammo","type":"checkbox","memory":[{"offset":"151F800","on":"41C6848E8406000063418B848E84060000E96737C7FF","off":"00000000000000000000000000000000000000000000"},{"offset":"1192F75","on":"E986C83800909090","off":"418B848E84060000"}]},{"name":"Max Score","type":"checkbox","memory":[{"offset":"151F820","on":"B89F8601008983A46E0100E9F8F645FF","off":"00000000000000000000000000000000"},{"offset":"97EF22","on":"E9F908BA0090","off":"8983A46E0100"}]}],"credits":["d01v_9.00"]}