{"name":"GRAVITY RUSH™ 2","id":"CUSA08060","version":"01.11","process":"eboot.bin","mods":[{"name":"Unlock All Costumes","type":"checkbox","memory":[{"offset":"E4D664","on":"C6402101","off":"80782100"},{"offset":"E4D668","on":"48E922FFFFFF","off":"0F8522FFFFFF"}]},{"name":"Infinite Gravity Energy","type":"checkbox","memory":[{"offset":"501C26","on":"C5FA10058A68FB00","off":"C5FA59159268FB00"}]},{"name":"Most attacks does not hurt player","type":"checkbox","memory":[{"offset":"5091A6","on":"9090909090","off":"E835AA0000"}]}],"credits":["illusion"]}