{"name":"Dead Island: Riptide - Definitive Edition","id":"CUSA03290","version":"01.03","process":"eboot.bin","mods":[{"name":"Godmode","type":"checkbox","memory":[{"offset":"76372c","on":"909090909090909090","off":"C4C17A1187140D0000"}]},{"name":"Infinite Ammo","type":"checkbox","memory":[{"offset":"87c71d","on":"909090","off":"FF4850"}]},{"name":"Infinite Stamina","type":"checkbox","memory":[{"offset":"751c24","on":"909090909090909090","off":"C4C17A1185A40D0000"}]},{"name":"Infinite Rage","type":"checkbox","memory":[{"offset":"77f23f","on":"9090909090909090","off":"C5FA1183A01C0000"}]},{"name":"Infinite Weapon Durability","type":"checkbox","memory":[{"offset":"3d2156","on":"9090909090","off":"C5FA114B04"}]},{"name":"Get Money For Spending It","type":"checkbox","memory":[{"offset":"779480","on":"01D9","off":"29D9"}]},{"name":"Get Max XP For 1 Kill","type":"checkbox","memory":[{"offset":"7c5e47","on":"48C7C0FFE0F5054C63F689D3909090","off":"488B87800000004C63F689D34C01F0"}]}],"credits":["DeathRGH"]}