{"name":"Uncharted: The Nathan Drake Collection™ (Drakes Fortune)","id":"CUSA02320","version":"1.02","process":"eboot.bin","mods":[{"name":"Infinite Ammo/No Reload","type":"checkbox","memory":[{"offset":"7FC4EDF0","on":"90E97B766F80","off":"000000000000"},{"offset":"346469","on":"E98289907F909090","off":"41FF8C0640040000"}]},{"name":"Enable Dev Menu","type":"checkbox","memory":[{"offset":"2CFEA0","on":"4180BFE847000000EB04AC0E000041C6874448000001EB05849D0E0000","off":"4180BFE847000000"}]},{"name":"No FPS On Screen","type":"checkbox","memory":[{"offset":"2CFECE","on":"C5F258C0","off":"C5F25CC0"}]}],"credits":["Celogamez_9.00"]}