{
    "name": "God of War",
    "id": "CUSA07408",
    "version": "01.00",
    "process": "eboot.bin",
    "mods": [
        {
            "name": "Infinite Health",
            "type": "checkbox",
            "memory": [
                {
                    "offset": "E07852",
                    "on": "C7807803000000006E43C5FA109078030000E9E85557FF",
                    "off": "0000000000000000000000000000000000000000000000"
                },
                {
                    "offset": "37CE49",
                    "on": "E904AAA800909090",
                    "off": "C5FA109078030000"
                }
            ]
        },
        {
            "name": "Infinite Rage",
            "type": "checkbox",
            "memory": [
                {
                    "offset": "E07841",
                    "on": "C7432000C07944C5FA104320E98AAAAAFF",
                    "off": "0000000000000000000000000000000000"
                },
                {
                    "offset": "8B22D7",
                    "on": "E965555500",
                    "off": "C5F2584320"
                }
            ]
        },
        {
            "name": "Infinite Arrows",
            "type": "checkbox",
            "memory": [
                {
                    "offset": "5614DA",
                    "on": "C5FA5CC8",
                    "off": "C5FA5CC1"
                }
            ]
        },
        {
            "name": "Max XP/Hacksilver/Resources",
            "type": "checkbox",
            "memory": [
                {
                    "offset": "E0781B",
                    "on": "41C7443630FFC99A3B418B443630E9C8CCA9FF",
                    "off": "00000000000000000000000000000000000000"
                },
                {
                    "offset": "8A44F0",
                    "on": "E92633560090",
                    "off": "41837C363000"
                }
            ]
        },
        {
            "name": "Max Stats/Rank on Item Change",
            "type": "checkbox",
            "memory": [
                {
                    "offset": "E07800",
                    "on": "41C78482C04C00000080A243C4C17A108482C04C0000E9E926B1FF",
                    "off": "000000000000000000000000000000000000000000000000000000"
                },
                {
                    "offset": "919EFA",
                    "on": "E901D94E009090909090",
                    "off": "C4C17A118482C04C0000"
                }
            ]
        },
        {
            "name": "Freeze Items Usage Timer",
            "type": "checkbox",
            "memory": [
                {
                    "offset": "8F1466",
                    "on": "9090909090909090",
                    "off": "C5FA5C05123A5600"
                }
            ]
        },
        {
            "name": "Instant Kill Enemies",
            "type": "checkbox",
            "memory": [
                {
                    "offset": "E0782E",
                    "on": "41C7462000000000C4C17A104620E90F9C75FF",
                    "off": "00000000000000000000000000000000000000"
                },
                {
                    "offset": "56144A",
                    "on": "E9DF638A0090",
                    "off": "C4C17A104620"
                }
            ]
        }
    ],
    "credits": [
        "Rizla"
    ]
}