{
    "name": "No Man's Sky",
    "id": "CUSA04841",
    "version": "03.75",
    "process": "eboot.bin",
    "mods": [
        {
            "name": "999 Minerals (on gain)",
            "type": "checkbox",
            "memory": [
                {
                    "offset": "7FC5E2F0",
                    "on": "8B75BC66C74318E703E9BE007780",
                    "off": "0000000000000000000000000000"
                },
                {
                    "offset": "3CE3B6",
                    "on": "E935FF887F90",
                    "off": "8B75BC017318"
                }
            ]
        },
        {
            "name": "999 Minerals (on use)",
            "type": "checkbox",
            "memory": [
                {
                    "offset": "7FC5E340",
                    "on": "488B5DA06641C74518E703E934817780",
                    "off": "00000000000000000000000000000000"
                },
                {
                    "offset": "3D647C",
                    "on": "E9BF7E887F909090",
                    "off": "488B5DA041294518"
                }
            ]
        },
        {
            "name": "999 (on consume for food deactivate to discard items)",
            "type": "checkbox",
            "memory": [
                {
                    "offset": "7FC5EBC0",
                    "on": "4883467830C74318E7030000E9F7DD7680",
                    "off": "0000000000000000000000000000000000"
                },
                {
                    "offset": "3CC9BF",
                    "on": "E9FC21897F90909090",
                    "off": "488346783044296318"
                }
            ]
        },
        {
            "name": "999 Salvaged Data (on spend)",
            "type": "checkbox",
            "memory": [
                {
                    "offset": "7FC5EB80",
                    "on": "488346783041C74618E7030000E9C8DF7680",
                    "off": "000000000000000000000000000000000000"
                },
                {
                    "offset": "3CCB51",
                    "on": "E92A20897F90909090",
                    "off": "488346783041295E18"
                }
            ]
        },
        {
            "name": "Infinite jetpack",
            "type": "checkbox",
            "memory": [
                {
                    "offset": "7FC5DE80",
                    "on": "41C785542200000000A040E962DE4E81",
                    "off": "00000000000000000000000000000000"
                },
                {
                    "offset": "114BCE9",
                    "on": "E99221B17E90909090",
                    "off": "C4C17A118554220000"
                }
            ]
        },
        {
            "name": "Infinite Sprint",
            "type": "checkbox",
            "memory": [
                {
                    "offset": "7FC5DF20",
                    "on": "41C785E04200000000A040E98FE64E81",
                    "off": "00000000000000000000000000000000"
                },
                {
                    "offset": "114C5B6",
                    "on": "E96519B17E90909090",
                    "off": "C4C17A1185E0420000"
                }
            ]
        },
        {
            "name": "999999999 Units (on gain)",
            "type": "checkbox",
            "memory": [
                {
                    "offset": "7FEA3DE0",
                    "on": "C787CC010000FFC99A3BE9A8FC4F80",
                    "off": "000000000000000000000000000000"
                },
                {
                    "offset": "3A3A91",
                    "on": "E94A03B07F90",
                    "off": "898FCC010000"
                }
            ]
        },
        {
            "name": "999999999 Nanites (on gain",
            "type": "checkbox",
            "memory": [
                {
                    "offset": "7FEA3E40",
                    "on": "C787D0010000FFC99A3BE9585E5280",
                    "off": "000000000000000000000000000000"
                },
                {
                    "offset": "3C9CA1",
                    "on": "E99AA1AD7F90",
                    "off": "898FD0010000"
                }
            ]
        },
        {
            "name": "Infinte Ammo",
            "type": "checkbox",
            "memory": [
                {
                    "offset": "1226F9F",
                    "on": "9090909090909090",
                    "off": "4729ACB4D0140000"
                }
            ]
        },
        {
            "name": "Infinite Pet Sprint",
            "type": "checkbox",
            "memory": [
                {
                    "offset": "7FC5F590",
                    "on": "41C787F00500000000A040E933954E81",
                    "off": "00000000000000000000000000000000"
                },
                {
                    "offset": "1148ACA",
                    "on": "E9C16AB17E90909090",
                    "off": "C4C17A1187F0050000"
                }
            ]
        },
        {
            "name": "Infinite ExoMech Jetpack",
            "type": "checkbox",
            "memory": [
                {
                    "offset": "149D866",
                    "on": "9090909090909090",
                    "off": "C5FA118614010000"
                }
            ]
        },
        {
            "name": "999999999 Quicksilver (on spend)",
            "type": "checkbox",
            "memory": [
                {
                    "offset": "7FC5FE70",
                    "on": "C787D4010000FFC99A3BE984C87780",
                    "off": "000000000000000000000000000000"
                },
                {
                    "offset": "3DC6FD",
                    "on": "E96E37887F90",
                    "off": "8987D4010000"
                }
            ]
        }
    ],
    "credits": [
        "Wander_9.00"
    ]
}