{"name":"Diablo 3: Ultimate Evil Edition","id":"CUSA00242","version":"01.00","process":"eboot.bin","mods":[{"name":"Infinite Mana","type":"checkbox","memory":[{"offset":"522741","on":"90909090","off":"4489600C"}]},{"name":"Item / Kill Multiplier","type":"checkbox","memory":[{"offset":"79c486","on":"B90F27000090909090","off":"81F9FFFFFF000F43C8"}]},{"name":"Freeze Item Count","type":"checkbox","memory":[{"offset":"5227e1","on":"90909090","off":"4489780C"}]},{"name":"Max Money","type":"button","memory":[{"offset":"4873c9","on":"4A89A4E3208D0000","off":"4A89A4E3208D0000"}]}],"credits":["DeathRGH"]}