{"name":"GOD EATER 2 RAGE BURST","id":"CUSA01714","version":"01.00","process":"eboot.bin","mods":[{"name":"FC points use doubled","type":"checkbox","memory":[{"section":"19","offset":"495A8","on":"480181F05A0000","off":"488981F05A0000"}]},{"name":"AP points use doubled","type":"checkbox","memory":[{"section":"19","offset":"A4672","on":"0137","off":"8937"}]},{"name":"GAP points use doubled","type":"checkbox","memory":[{"section":"19","offset":"1B63B","on":"660181E8680100","off":"668981E8680100"}]},{"name":"Godmode","type":"checkbox","memory":[{"section":"19","offset":"60822","on":"C5FA1110","off":"C5FA1100"}]},{"name":"lnfinite Stamina","type":"checkbox","memory":[{"section":"19","offset":"60F92","on":"C5FA115008","off":"C5FA114008"}]},{"name":"lnfinite OP","type":"checkbox","memory":[{"section":"19","offset":"60C22","on":"C5FA115004","off":"C5FA114004"}]},{"name":"ltems use doubled","type":"checkbox","memory":[{"section":"19","offset":"1CC53","on":"6645014104","off":"6645894104"}]},{"name":"ltems sold doubled","type":"checkbox","memory":[{"offset":"15603C","on":"66017104","off":"66897104"}]}],"credits":["zhu da chang"]}