{
    "name": "Mega Man 11",
    "id": "CUSA10738",
    "version": "01.00",
    "process": "eboot.bin",
    "mods": [
        {
            "name": "Invincibility ( THX to d01v )",
            "type": "checkbox",
            "memory": [
                {
                    "offset": "2263CB",
                    "on": "909090909090",
                    "off": "FF9060030000"
                }
            ]
        },
        {
            "name": "Infinite Energy",
            "type": "checkbox",
            "memory": [
                {
                    "offset": "A6FBA8",
                    "on": "C787BC18000038000000E9DA1A65FF",
                    "off": "000000000000000000000000000000"
                },
                {
                    "offset": "C168B",
                    "on": "E918E59A0090",
                    "off": "89B7BC180000"
                }
            ]
        },
        {
            "name": "One Hit Kill",
            "type": "checkbox",
            "memory": [
                {
                    "offset": "A6FBB9",
                    "on": "C787BC18000000000000E98F2565FF",
                    "off": "000000000000000000000000000000"
                },
                {
                    "offset": "C2151",
                    "on": "E963DA9A0090",
                    "off": "89B7BC180000"
                }
            ]
        },
        {
            "name": "Infinite Bolts",
            "type": "checkbox",
            "memory": [
                {
                    "offset": "20C2F6",
                    "on": "BA3F420F0090",
                    "off": "81FA3F420F00"
                }
            ]
        },
        {
            "name": "Infinite Lives",
            "type": "checkbox",
            "memory": [
                {
                    "offset": "A5BE9",
                    "on": "9090909090909090",
                    "off": "41898CC7C0010000"
                }
            ]
        },
        {
            "name": "Infinite Rush Energy",
            "type": "checkbox",
            "memory": [
                {
                    "offset": "A6FBBB",
                    "on": "C7837C04000038000000E9DF0B63FF",
                    "off": "000000000000000000000000000000"
                },
                {
                    "offset": "A07A3",
                    "on": "E913F49C0090",
                    "off": "898B7C040000"
                }
            ]
        },
        {
            "name": "Infinite Weapon Energy",
            "type": "checkbox",
            "memory": [
                {
                    "offset": "A05BF",
                    "on": "29D0",
                    "off": "29C2"
                }
            ]
        },
        {
            "name": "Unlimited Gear Power",
            "type": "checkbox",
            "memory": [
                {
                    "offset": "9F5A0",
                    "on": "C5FA5C8384040000",
                    "off": "C5FA588384040000"
                },
                {
                    "offset": "9FD3C",
                    "on": "C5FA118BA0040000",
                    "off": "C5FA1183A0040000"
                }
            ]
        },
        {
            "name": "Super Jump ( THX to d01v )",
            "type": "checkbox",
            "memory": [
                {
                    "offset": "22CBE1",
                    "on": "B80000824290",
                    "off": "8B8370300000"
                }
            ]
        },
        {
            "name": "Stop Timer in Challenge",
            "type": "checkbox",
            "memory": [
                {
                    "offset": "917D0",
                    "on": "C5F25DC8",
                    "off": "C5F25DCB"
                }
            ]
        },
        {
            "name": "Max Points in Challenge",
            "type": "checkbox",
            "memory": [
                {
                    "offset": "9D425",
                    "on": "878948010000",
                    "off": "878148010000"
                }
            ]
        },
        {
            "name": "Pacifist 0 Points Challenge",
            "type": "checkbox",
            "memory": [
                {
                    "offset": "A6FBA8",
                    "on": "C783EC05000000000000E94DD762FF",
                    "off": "000000000000000000000000000000"
                },
                {
                    "offset": "9D2FE",
                    "on": "E9A5289D0090",
                    "off": "898BEC050000"
                }
            ]
        }
    ],
    "credits": [
        "Reddevil82 ",
        " FW 9.00"
    ]
}