{
    "name": "Metro Redux",
    "id": "CUSA00683",
    "version": "01.02",
    "process": "eboot.bin",
    "mods": [
        {
            "name": "Infinite Health (-Trolley Combat)",
            "type": "checkbox",
            "memory": [
                {
                    "offset": "E33B20",
                    "on": "C4C17A11861003000041C786100300000000807FE9B6FD40FF",
                    "off": "00000000000000000000000000000000000000000000000000"
                },
                {
                    "offset": "2438E6",
                    "on": "E93502BF0090909090",
                    "off": "C4C17A118610030000"
                }
            ]
        },
        {
            "name": "1 Hit Kill (-Bosses)",
            "type": "checkbox",
            "memory": [
                {
                    "offset": "E33B64",
                    "on": "C4C17A109E3404000041C786140300000000807FE97BFD40FF",
                    "off": "00000000000000000000000000000000000000000000000000"
                },
                {
                    "offset": "2438EF",
                    "on": "E97002BF0090909090",
                    "off": "C4C17A109E34040000"
                },
                {
                    "offset": "E33870",
                    "on": "C5FA5C4E14C5FA110A8B023D000020410F8757FA40FF8B42043D0000807F0F8449FA40FFC70200000000E93EFA40FF",
                    "off": "0000000000000000000000000000000000000000000000000000000000000000000000000000000000000000000000"
                },
                {
                    "offset": "2432D4",
                    "on": "E99705BF0090909090",
                    "off": "C5FA5C4E14C5FA110A"
                }
            ]
        },
        {
            "name": "Infinite Gold (Bullets)",
            "type": "checkbox",
            "memory": [
                {
                    "offset": "E33B40",
                    "on": "8B87000500004983FE0774074983FE087401C3C787000500000A1A00008B8700050000C3",
                    "off": "000000000000000000000000000000000000000000000000000000000000000000000000"
                },
                {
                    "offset": "8356A0",
                    "on": "E99BE45F0090",
                    "off": "8B8700050000"
                }
            ]
        },
        {
            "name": "Infinite Ammo - *No Reload Needed",
            "type": "checkbox",
            "memory": [
                {
                    "offset": "1F2648",
                    "on": "C68403020C000000",
                    "off": "C68403020C000001"
                },
                {
                    "offset": "211E36",
                    "on": "9090",
                    "off": "29C6"
                },
                {
                    "offset": "E337C0",
                    "on": "508B836004000083F800C783580400001E000000740C8B8360040000898358040000C783700500000000000058E986093EFF",
                    "off": "0000000000000000000000000000000000000000000000000000000000000000000000000000000000000000000000000000"
                },
                {
                    "offset": "21416E",
                    "on": "E94DF6C1009090909090",
                    "off": "C7837005000000000000"
                }
            ]
        },
        {
            "name": "Infinite Ammo (DShK 12.7mm Machinegun)",
            "type": "checkbox",
            "memory": [
                {
                    "offset": "26DA83",
                    "on": "909090909090",
                    "off": "FF8B18070000"
                }
            ]
        },
        {
            "name": "Low Temperature (DShK 12.7mm Machinegun)",
            "type": "checkbox",
            "memory": [
                {
                    "offset": "E33C50",
                    "on": "C5FA118BE00600004883FA0274174883FA0374114883FA06740B4883FA087405E95A8B43FFC783E006000000000000E94B8B43FF",
                    "off": "00000000000000000000000000000000000000000000000000000000000000000000000000000000000000000000000000000000"
                },
                {
                    "offset": "26C7C7",
                    "on": "E98474BC00909090",
                    "off": "C5FA118BE0060000"
                }
            ]
        },
        {
            "name": "Infinite Pressure (Tikhar + Flamethrower + Helsing)",
            "type": "checkbox",
            "memory": [
                {
                    "offset": "E33940",
                    "on": "C5FA1183000C0000C783000C000000007041E9CB433FFF",
                    "off": "0000000000000000000000000000000000000000000000"
                },
                {
                    "offset": "227D1A",
                    "on": "E921BCC000909090",
                    "off": "C5FA1183000C0000"
                }
            ]
        },
        {
            "name": "Infinite Charge (Hellbreath)",
            "type": "checkbox",
            "memory": [
                {
                    "offset": "E33C90",
                    "on": "C5FA118B0C0C0000C7830C0C000000002041E97AC03CFF",
                    "off": "0000000000000000000000000000000000000000000000"
                },
                {
                    "offset": "1FFD19",
                    "on": "E9723FC300909090",
                    "off": "C5FA118B0C0C0000"
                }
            ]
        },
        {
            "name": "No Weapons Jam",
            "type": "checkbox",
            "memory": [
                {
                    "offset": "E33A00",
                    "on": "C4C17A119EBC0C000049C786BC0C000000000000E9F6A63FFF",
                    "off": "00000000000000000000000000000000000000000000000000"
                },
                {
                    "offset": "22E106",
                    "on": "E9F558C00090909090",
                    "off": "C4C17A119EBC0C0000"
                }
            ]
        },
        {
            "name": "Mask: Unbreakable",
            "type": "checkbox",
            "memory": [
                {
                    "offset": "E33C20",
                    "on": "C5FA108010030000C780100300000000803FC780140300000000807FE9916757FF",
                    "off": "000000000000000000000000000000000000000000000000000000000000000000"
                },
                {
                    "offset": "3AA3CA",
                    "on": "E95198A800909090",
                    "off": "C5FA108010030000"
                }
            ]
        },
        {
            "name": "Mask: Infinite Filter",
            "type": "checkbox",
            "memory": [
                {
                    "offset": "E33AB0",
                    "on": "C7805C04000000003443C5FA10805C040000E960BB62FF",
                    "off": "0000000000000000000000000000000000000000000000"
                },
                {
                    "offset": "45F61F",
                    "on": "E98C449D00909090",
                    "off": "C5FA10805C040000"
                }
            ]
        },
        {
            "name": "Mask: Infinite Filter Replacements",
            "type": "checkbox",
            "memory": [
                {
                    "offset": "E33A90",
                    "on": "C7875402000000003443C5FA108754020000E9F11E9AFF",
                    "off": "0000000000000000000000000000000000000000000000"
                },
                {
                    "offset": "7D5990",
                    "on": "E9FBE06500909090",
                    "off": "C5FA108754020000"
                }
            ]
        },
        {
            "name": "Infinite Grenades And Knives",
            "type": "checkbox",
            "memory": [
                {
                    "offset": "E33AD0",
                    "on": "C787D8060000630000008B87D8060000E9E17C9BFF",
                    "off": "000000000000000000000000000000000000000000"
                },
                {
                    "offset": "7EB7C0",
                    "on": "E90B83640090",
                    "off": "8B87D8060000"
                }
            ]
        },
        {
            "name": "Infinite Claymore Mines (Last Light)",
            "type": "checkbox",
            "memory": [
                {
                    "offset": "E33BD0",
                    "on": "C78708030000630000008B8708030000C3",
                    "off": "0000000000000000000000000000000000"
                },
                {
                    "offset": "7EF770",
                    "on": "E95B44640090",
                    "off": "8B8708030000"
                }
            ]
        },
        {
            "name": "Aim Cross Stays Small",
            "type": "checkbox",
            "memory": [
                {
                    "offset": "E33A40",
                    "on": "C5FA114324C7432400000000E9EB0C3AFF",
                    "off": "0000000000000000000000000000000000"
                },
                {
                    "offset": "1D4737",
                    "on": "E904F3C500",
                    "off": "C5FA114324"
                }
            ]
        },
        {
            "name": "Machine 'Crazy-Horse' Gun",
            "type": "checkbox",
            "memory": [
                {
                    "offset": "E33A60",
                    "on": "C5FA118370050000C7837005000000000000E97B073EFF",
                    "off": "0000000000000000000000000000000000000000000000"
                },
                {
                    "offset": "2141EA",
                    "on": "E971F8C100909090",
                    "off": "C5FA118370050000"
                }
            ]
        },
        {
            "name": "Infinite Batteries x1",
            "type": "checkbox",
            "memory": [
                {
                    "offset": "E33845",
                    "on": "C5FA118390040000C783900400000000803FE97B7841FF",
                    "off": "0000000000000000000000000000000000000000000000"
                },
                {
                    "offset": "24B0CF",
                    "on": "E97187BE00909090",
                    "off": "C5FA118390040000"
                }
            ]
        },
        {
            "name": "Infinite Batteries x4",
            "type": "checkbox",
            "memory": [
                {
                    "offset": "E33845",
                    "on": "C5FA118390040000C7839004000000008040E97B7841FF",
                    "off": "0000000000000000000000000000000000000000000000"
                },
                {
                    "offset": "24B0CF",
                    "on": "E97187BE00909090",
                    "off": "C5FA118390040000"
                }
            ]
        },
        {
            "name": "Infinite Batteries x8",
            "type": "checkbox",
            "memory": [
                {
                    "offset": "E33845",
                    "on": "C5FA118390040000C7839004000000000041E97B7841FF",
                    "off": "0000000000000000000000000000000000000000000000"
                },
                {
                    "offset": "24B0CF",
                    "on": "E97187BE00909090",
                    "off": "C5FA118390040000"
                }
            ]
        },
        {
            "name": "Infinite Batteries x20",
            "type": "checkbox",
            "memory": [
                {
                    "offset": "E33845",
                    "on": "C5FA118390040000C783900400000000A041E97B7841FF",
                    "off": "0000000000000000000000000000000000000000000000"
                },
                {
                    "offset": "24B0CF",
                    "on": "E97187BE00909090",
                    "off": "C5FA118390040000"
                }
            ]
        }
    ],
    "credits": [
        "Dioniso"
    ]
}