{"name":"Battlefield 4","id":"CUSA00049","version":"01.00","process":"eboot.bin","mods":[{"name":"Godmode","type":"checkbox","memory":[{"offset":"134c17e","on":"C5FA11431C","off":"C5FA11431C"},{"offset":"2b83028","on":"837B2C100F8451917CFEC5FA11431CE947917CFE","off":"0000000000000000000000000000000000000000"},{"offset":"134c17e","on":"E9A56E8301","off":"C5FA11431C"}]},{"name":"Infinite Ammo","type":"checkbox","memory":[{"offset":"c289a4","on":"9090","off":"FFC8"}]},{"name":"No Recoil / Spread","type":"checkbox","memory":[{"offset":"2c6e10","on":"C3","off":"55"}]},{"name":"Wire Frame Rendering","type":"checkbox","memory":[{"offset":"146ef10","on":"89F183E107","off":"89F183E107"},{"offset":"2b83014","on":"BE01000000BA0100000089F183E107E9EDBE8EFE","off":"0000000000000000000000000000000000000000"},{"offset":"146ef10","on":"E9FF407101","off":"89F183E107"}]},{"name":"Freeze FX","type":"checkbox","memory":[{"offset":"1f50110","on":"C3","off":"55"}]},{"name":"Draw Debug Strings","type":"checkbox","memory":[{"offset":"104cb50","on":"C3","off":"55"}]},{"name":"Small Hud","type":"checkbox","memory":[{"offset":"8031b6","on":"48B80000000000000040","off":"48B8000000000000803F"}]},{"name":"Teleport Climb","type":"checkbox","memory":[{"offset":"2387b94","on":"F0237449","off":"00002040"},{"offset":"2387ba4","on":"F0237449","off":"00002040"},{"offset":"2387b60","on":"F0237449","off":"CDCCCC3E"}]},{"name":"Always Able To Climb","type":"checkbox","memory":[{"offset":"593b9d","on":"C685EBFDFFFF01","off":"C685EBFDFFFF00"}]},{"name":"Teleport Patch V1","type":"checkbox","memory":[{"offset":"593a81","on":"9090909090","off":"E98F000000"},{"offset":"593a5b","on":"909090909090","off":"0F85B4000000"},{"offset":"593a51","on":"909090909090","off":"0F85BE000000"},{"offset":"593a2b","on":"909090909090","off":"0F85E4000000"},{"offset":"593f68","on":"9090909090","off":"E9E5070000"},{"offset":"593e71","on":"909090909090","off":"0F84C30C0000"},{"offset":"593ba6","on":"909090909090","off":"0F848E0F0000"},{"offset":"593a05","on":"909090909090","off":"0F840A010000"},{"offset":"5939df","on":"909090909090","off":"0F8330010000"},{"offset":"593890","on":"EB20","off":"807B"}]},{"name":"Teleport Patch 1","type":"checkbox","memory":[{"offset":"593a81","on":"9090909090","off":"E98F000000"}]},{"name":"Teleport Patch 2","type":"checkbox","memory":[{"offset":"593a5b","on":"909090909090","off":"0F85B4000000"}]},{"name":"Teleport Patch 3","type":"checkbox","memory":[{"offset":"593a51","on":"909090909090","off":"0F85BE000000"}]},{"name":"Teleport Patch 4","type":"checkbox","memory":[{"offset":"593a2b","on":"909090909090","off":"0F85E4000000"}]},{"name":"Teleport Patch 5","type":"checkbox","memory":[{"offset":"593f68","on":"9090909090","off":"E9E5070000"}]},{"name":"Teleport Patch 6","type":"checkbox","memory":[{"offset":"593e71","on":"909090909090","off":"0F84C30C0000"}]},{"name":"Teleport Patch 7","type":"checkbox","memory":[{"offset":"593ba6","on":"909090909090","off":"0F848E0F0000"}]},{"name":"Teleport Patch 8","type":"checkbox","memory":[{"offset":"593a05","on":"909090909090","off":"0F840A010000"}]},{"name":"Teleport Patch 9 (Get Stuck)","type":"checkbox","memory":[{"offset":"5939fa","on":"909090909090","off":"0F84E4000000"}]},{"name":"Teleport Patch 10","type":"checkbox","memory":[{"offset":"5939df","on":"909090909090","off":"0F8330010000"}]},{"name":"Teleport Patch 11","type":"checkbox","memory":[{"offset":"593890","on":"EB20","off":"807B"}]},{"name":"Teleport Patch 12 (Inside Trace Function)","type":"checkbox","memory":[{"offset":"595142","on":"9090","off":"730B"}]},{"name":"Teleport Patch 13 (Change 4 to 8)","type":"checkbox","memory":[{"offset":"5962b2","on":"C4C17A5C4708","off":"C4C17A5C4704"}]}],"credits":["DeathRGH"]}