{"name":"Shadow of the Tomb Raider","id":"CUSA10872","version":"02.00","process":"eboot.bin","mods":[{"name":"Infinite Health","type":"checkbox","memory":[{"offset":"751A8A","on":"9090909090","off":"C5FA114728"}]},{"name":"Infinite Breath","type":"checkbox","memory":[{"offset":"183BF40","on":"41C687981B000032E927D961FF","off":"00000000000000000000000000"},{"offset":"E5986B","on":"E9D0269E0090909090","off":"C4C17A119F981B0000"}]},{"name":"Max Infinite Ammo/Items/Gold Coins (On Gain/Use)","type":"checkbox","memory":[{"offset":"183BDB0","on":"E815BF49FFC70030750000E9A52F4AFF","off":"00000000000000000000000000000000"},{"offset":"CDED5D","on":"E94ED0B500909090","off":"E86E8FFFFF668918"},{"offset":"CDED62","on":"909090","off":"668918"},{"offset":"D3FDF8","on":"9090","off":"8908"}]},{"name":"Max Infinite Skillpoints (On Use)","type":"checkbox","memory":[{"offset":"183BDF0","on":"29D1C7404C63000000E9274B9EFF","off":"0000000000000000000000000000"},{"offset":"1220920","on":"E9CBB46100","off":"29D189484C"}]}],"credits":["AngelDavil88_9.00"]}