{
    "name": "Borderlands: The Handsome Collection",
    "id": "CUSA02980",
    "version": "01.00",
    "process": "ARBUTUS.elf",
    "mods": [
        {
            "name": "Infinite Skillpoints / Badass-Tokens",
            "type": "checkbox",
            "memory": [
                {
                    "offset": "5C0DB",
                    "on": "0345C8",
                    "off": "2B45C8"
                }
            ]
        },
        {
            "name": "Set Max Money / Moonstone",
            "type": "button",
            "memory": [
                {
                    "offset": "C366D2",
                    "on": "B8FFFFFF7F9090",
                    "off": "B8FFFFFF7F9090"
                }
            ]
        }
    ],
    "credits": [
        "DeathRGH"
    ]
}