{
    "name": "Call of Duty®: Modern Warfare®",
    "id": "CUSA08829",
    "version": "01.01",
    "process": "default.elf",
    "mods": [
        {
            "name": "No Reload",
            "type": "checkbox",
            "memory": [
                {
                    "offset": "7E967F",
                    "on": "90909090",
                    "off": "894C9050"
                }
            ]
        },
        {
            "name": "Infinite Ammo",
            "type": "checkbox",
            "memory": [
                {
                    "offset": "816C7A",
                    "on": "9090",
                    "off": "8908"
                }
            ]
        },
        {
            "name": "No Recoil",
            "type": "checkbox",
            "memory": [
                {
                    "offset": "800D00",
                    "on": "C3",
                    "off": "55"
                }
            ]
        },
        {
            "name": "Infinite Health",
            "type": "checkbox",
            "memory": [
                {
                    "offset": "105A9BF",
                    "on": "C5FA2CC1",
                    "off": "C5FA2CC0"
                }
            ]
        },
        {
            "name": "Infinite Grenades",
            "type": "checkbox",
            "memory": [
                {
                    "offset": "7E4D79",
                    "on": "9090",
                    "off": "FFC9"
                }
            ]
        }
    ],
    "credits": [
        "sili"
    ]
}