{"name":"Adventure Time: Pirates of the Enchiridion","id":"CUSA10859","version":"01.05","process":"eboot.bin","mods":[{"name":"Max Infinite Money (On Gain)","type":"checkbox","memory":[{"offset":"155BDB0","on":"41C786480100007F969800E95320BB7E","off":"00000000000000000000000000000000"},{"offset":"8010DE0C","on":"E99FDF44819090","off":"41898E48010000"},{"section":"14","offset":"1940E4","on":"9090909090909090","off":"4589AC2448010000"},{"section":"14","offset":"E3A33","on":"90909090909090","off":"4429B848010000"}]},{"name":"Infinite Items","type":"checkbox","memory":[{"section":"14","offset":"D2F1B4","on":"9090909090","off":"4489448820"}]}],"credits":["AngelDavil88_9.00"]}