{"name":"Darksiders III","id":"CUSA08798","version":"01.10","process":"eboot.bin","mods":[{"name":"Infinite Health","type":"checkbox","memory":[{"offset":"494F822","on":"C7831408000000007A44EBEF","off":"000000000000000000000000"},{"offset":"494F815","on":"EB0B909090909090","off":"C5FA118B14080000"}]},{"name":"Easy Kill","type":"checkbox","memory":[{"offset":"494F82E","on":"C783140800000000803FEBD6","off":"000000000000000000000000"},{"offset":"494F808","on":"EB24909090909090","off":"C5FA118B14080000"}]},{"name":"Instant Fill Wrath and Havoc","type":"checkbox","memory":[{"offset":"494F83A","on":"C783300100000000FA43C5FA108B30010000E99EED92FB","off":"0000000000000000000000000000000000000000000000"},{"offset":"27E5E7","on":"E94E126D04909090","off":"C5FA108B30010000"}]},{"name":"Max Souls on Spend","type":"checkbox","memory":[{"offset":"494F851","on":"B97F9698008908E960D3A3FB","off":"000000000000000000000000"},{"offset":"38CBB8","on":"E9942C5C04","off":"4531ED8908"}]},{"name":"Max Consumables On Use","type":"checkbox","memory":[{"offset":"494F85D","on":"BE0F27000089702CE94912A4FB","off":"00000000000000000000000000"},{"offset":"390AAE","on":"E9AAED5B04","off":"740389702C"}]},{"name":"Max Ingredients On Use","type":"checkbox","memory":[{"offset":"494F86A","on":"BE6300000089702CE9FAD4A3FB","off":"00000000000000000000000000"},{"offset":"38CD6C","on":"E9F92A5C04","off":"7E2089702C"}]},{"name":"Infinite Souls and Crystals (Turn off Max cheat before use)","type":"checkbox","memory":[{"offset":"38CBBB","on":"9090","off":"8908"}]},{"name":"Infinite Consumables (Turn off Max cheat before use)","type":"checkbox","memory":[{"offset":"390AB0","on":"909090","off":"89702C"}]},{"name":"Infinite Ingredients (Turn off Max cheat before use)","type":"checkbox","memory":[{"offset":"38CD6E","on":"909090","off":"89702C"}]}],"credits":["GamerX2, DanteClaus and ThankachanSmith"]}