{
    "name": "COD: Black Ops III",
    "id": "CUSA02290",
    "version": "01.00",
    "process": "eboot.bin",
    "mods": [
        {
            "name": "All Client Infinite Ammo",
            "type": "checkbox",
            "memory": [
                {
                    "offset": "110f01d",
                    "on": "909090",
                    "off": "448921"
                }
            ]
        },
        {
            "name": "Bypass Death Barriers",
            "type": "checkbox",
            "memory": [
                {
                    "offset": "1527000",
                    "on": "41C786CC020000FFFFFF7F418B86CC020000418986C8020000E9C32341FF",
                    "off": "000000000000000000000000000000000000000000000000000000000000"
                },
                {
                    "offset": "9393da",
                    "on": "E921DCBE009090",
                    "off": "418B86C8020000"
                }
            ]
        },
        {
            "name": "Super Jump",
            "type": "checkbox",
            "memory": [
                {
                    "offset": "12f9748",
                    "on": "00C07944",
                    "off": "00001C42"
                }
            ]
        }
    ],
    "credits": [
        "DeathRGH"
    ]
}